StarID,ProperName,X,Y,Z
0,Sol,0,0,0
1,Andreas,282.43485,0.00449,5.36884
2,Rory,43.04329,0.00285,-15.24144
3,Mortimer,277.11358,0.02422,223.27753
4,Bailee,79.62896,0.01164,-101.53103
5,Zita,264.58918,0.04601,-226.71007
6,Araceli,53.06535,0.0168,3.66089
7,Casey,52.95794,0.02084,19.31343
8,Eura,174.01562,0.08288,84.44669
9,Aracely,166.9363,0.10297,123.9143
10,Destany,58.65441,0.03711,-72.08957